number,time,duration,x,y,avg_dilation
1,356,140,435,196,0.06990178571428585
2,555,279,289,205,0.19340178571428535
3,914,219,151,310,0.008598214285714167
4,2090,160,262,221,0.1150982142857142
5,2270,199,293,224,0.12459821428571427
6,2549,100,67,232,
7,3785,140,237,733,
8,4005,120,238,729,0.10409821428571409
9,4204,120,222,735,0.16059821428571386
10,4583,139,227,747,0.05059821428571398
11,4942,120,246,619,0.1800982142857137
12,5141,399,240,621,0.07109821428571372
13,5580,100,235,630,
14,5699,160,241,649,0.14059821428571428
15,5998,140,232,632,0.019401785714285857
16,6158,259,237,687,0.04759821428571431
17,6836,159,332,698,
18,7055,259,335,700,0.062598214285714
19,7334,100,262,609,0.08190178571428586
20,7454,139,248,615,0.03459821428571441
21,7633,100,256,634,0.01909821428571412
22,8012,100,253,639,0.025401785714286085
23,8949,319,192,648,0.04540178571428566
24,9408,160,194,637,0.09909821428571419
25,9786,100,186,662,
26,10325,140,189,653,0.021901785714286248
27,11681,179,243,533,
28,11880,379,237,553,
29,12378,100,231,549,
30,12598,120,223,537,0.034098214285714246
31,12877,100,197,516,
32,12996,120,203,518,0.025901785714285808
33,13694,279,219,532,0.003098214285714107
34,14013,199,211,549,0.10340178571428549
35,14272,180,241,545,0.023598214285714292
36,14472,319,243,538,
37,15170,100,263,641,0.012901785714285907
38,15469,239,257,618,
39,15728,120,251,632,0.13240178571428585
40,16087,120,243,634,0.051401785714285886
41,16804,140,246,638,0.01659821428571462
42,17064,179,277,535,
43,17263,100,269,511,0.05609821428571404
44,17821,219,135,493,0.03459821428571397
45,18180,160,123,491,0.008598214285713723
46,18479,160,123,493,0.07090178571428574
47,18659,180,119,487,
48,19117,120,125,499,
49,19476,100,169,528,0.08559821428571368
50,19795,100,167,530,0.05640178571428578
51,19955,199,203,509,0.08959821428571413
52,20652,199,156,595,0.1200982142857141
53,21689,239,134,494,0.08940178571428614
54,21948,479,126,494,
55,22487,140,213,548,0.07659821428571378
56,22666,160,136,495,0.14209821428571434
57,22846,100,142,492,
58,23045,120,202,516,
59,23264,159,202,539,
60,24201,219,218,543,0.024098214285714015
61,24580,140,246,540,0.017401785714286078
62,25019,100,64,203,0.016098214285714008
63,25477,100,279,214,0.043901785714286046
64,25796,319,307,602,0.034098214285714246
65,26654,140,230,625,
66,27192,140,196,701,0.013598214285714061
67,27471,279,329,602,0.006401785714285957
68,27989,538,290,210,0.02040178571428619
69,28587,140,294,608,0.11459821428571404
70,29345,678,304,223,0.011901785714286017
71,30063,199,322,611,0.12659821428571405
72,30502,239,335,595,0.024098214285714015
73,30761,159,334,592,0.03559821428571386
74,30940,379,286,208,
75,31459,100,331,619,0.10059821428571425
76,31578,100,336,620,0.0755982142857139
77,31698,219,324,629,0.10309821428571375
78,31937,279,289,608,0.05509821428571371
79,32376,259,290,613,0.07309821428571395
80,33293,159,369,605,0.16190178571428593
81,33532,140,369,607,0.09640178571428581
82,34250,100,265,684,0.05040178571428555
83,34469,159,280,667,0.22990178571428554
84,35147,160,312,650,0.1974017857142858
85,35346,180,309,660,0.03740178571428565
86,35665,199,306,648,0.003901785714285566
87,35925,199,308,660,
88,36323,139,261,696,
89,36822,179,261,699,
90,37061,140,330,667,
91,37220,100,280,654,0.0859017857142863
92,37440,120,274,665,0.035901785714285595
93,38317,100,207,728,0.10990178571428588
94,38656,140,314,703,
95,39513,100,973,820,0.14140178571428574
96,39992,120,1023,759,0.18390178571428617
97,40291,120,1005,785,0.1399017857142857
98,40510,120,1014,769,0.14890178571428603
99,41387,120,302,684,0.05559821428571432
100,42165,100,270,729,0.015098214285713674
101,43361,120,190,581,0.09309821428571441
102,44079,120,218,542,0.0015982142857140502
103,44438,219,223,549,0.013098214285713894
104,44677,100,220,545,0.051401785714285886
105,50060,120,275,642,0.04440178571428621
106,51954,140,262,728,0.03990178571428604
107,53549,120,232,633,0.01459821428571395
108,54546,399,290,641,0.047098214285714146
109,55383,100,297,607,
110,55503,180,277,615,0.04690178571428616
111,57716,199,1001,747,0.05240178571428622
112,58334,120,995,761,0.11890178571428578
113,59172,140,1011,814,0.02559821428571407
114,60428,120,1037,826,0.05709821428571438
115,60567,100,1024,802,0.010901785714286127
116,60767,180,1029,814,0.060598214285714214
117,62760,140,894,656,0.030401785714285978
118,63817,180,923,707,
119,64176,120,900,753,
120,64674,100,851,724,0.04640178571428599
121,66529,120,856,610,0.004098214285714441
122,66728,100,894,730,0.055901785714286056
123,69160,180,808,565,0.02540178571428564
124,70556,199,271,589,0.013098214285714338
125,70775,100,283,582,0.010598214285714391
126,74404,259,293,189,0.14690178571428625
127,74783,299,84,215,0.07040178571428601
128,75301,538,297,183,0.17290178571428605
129,75979,459,100,201,0.14340178571428597
130,76477,279,299,182,0.1259017857142859
131,77235,100,328,658,0.00909821428571389
132,79707,299,520,179,0.08240178571428602
133,80026,140,594,184,0.0575982142857141
134,80206,259,596,181,0.10159821428571414
135,80525,120,646,208,0.005401785714285623
136,80664,359,667,209,0.06040178571428623
137,81083,159,666,214,
138,81482,140,572,232,
139,81681,100,575,234,
140,81880,140,344,225,
141,82558,159,71,219,0.0019017857142857864
142,84253,160,344,716,
143,84652,120,279,589,
144,84871,239,274,598,0.059901785714285616
145,85948,100,954,715,0.09090178571428575
146,86486,120,326,537,0.08390178571428564
147,86646,259,311,544,0.051401785714285886
148,86925,120,309,538,0.08290178571428619
149,87164,140,314,550,0.03240178571428576
150,87323,199,306,550,0.034098214285714246
151,87682,339,304,613,0.06240178571428601
152,88061,140,297,621,0.11340178571428572
153,88679,120,245,634,
154,89138,299,239,619,0.06140178571428567
155,89477,140,239,629,0.055901785714286056
156,89656,140,183,670,0.06840178571428623
157,89855,100,191,663,0.012598214285714171
158,89975,120,190,659,0.040901785714286376
159,90414,339,192,664,0.0714017857142859
160,90852,100,187,675,0.11640178571428583
161,91351,140,206,622,0.036401785714286206
162,91949,100,265,582,
163,92926,120,217,562,0.009401785714285626
164,93165,160,202,523,0.05809821428571382
165,93364,259,187,547,0.053401785714285666
166,93743,339,325,598,0.059901785714285616
167,94441,140,148,563,0.09340178571428615
168,94660,339,134,558,0.036401785714286206
169,95099,120,138,574,
170,96235,159,197,644,0.05709821428571393
171,96614,120,118,624,0.13840178571428563
172,96953,179,104,625,0.1689017857142856
173,98448,120,211,627,0.0414017857142861
174,98628,100,217,596,0.15790178571428548
175,99007,120,206,613,0.06590178571428584
176,99186,120,203,608,0.14490178571428602
177,99924,160,222,615,0.20340178571428602
178,100283,120,325,587,0.11890178571428578
179,100422,239,328,583,0.08790178571428608
180,100701,180,326,590,0.021901785714285804
181,101200,120,327,586,0.07790178571428585
182,101339,140,319,586,
183,101499,100,330,582,0.08290178571428619
184,101678,100,328,589,0.04990178571428583
185,102197,159,393,611,0.2004017857142859
186,102695,100,492,616,0.10840178571428583
187,102994,100,503,639,0.06790178571428562
188,103114,159,504,607,0.07740178571428569
189,103812,100,370,572,0.04840178571428577
190,104011,259,420,522,0.18140178571428578
191,105028,120,389,632,0.19090178571428584
192,105686,100,503,633,0.07040178571428601
193,105805,179,503,646,0.06140178571428567
194,106284,159,388,660,0.08990178571428586
195,106563,120,348,656,
196,107081,160,378,652,0.04090178571428593
197,107281,159,444,615,0.06890178571428596
198,107580,100,447,635,0.027401785714285865
199,109175,160,440,439,0.14040178571428585
200,109574,100,355,586,0.01240178571428574
201,109773,160,335,622,0.0414017857142861
202,110690,179,448,493,
203,110909,259,453,514,0.02890178571428592
204,111986,478,406,476,
205,113162,219,412,496,
206,113481,140,465,454,
207,113840,100,408,511,
208,113960,219,413,501,
209,114478,279,427,432,0.2284017857142855
210,114817,100,314,581,0.07740178571428613
211,114997,179,328,580,
212,115236,120,342,582,
213,115375,159,317,585,
214,115595,359,318,580,0.11240178571428583
215,116193,120,289,422,0.057901785714285836
216,117568,180,346,513,0.14590178571428591
217,118466,159,812,581,0.13190178571428568
218,119243,299,967,634,0.005401785714286067
219,119881,219,889,738,0.14159821428571373
220,120679,279,956,698,0.13909821428571378
221,121975,140,473,492,0.05509821428571415
222,122134,100,499,420,0.02890178571428592
223,122274,120,523,428,0.17540178571428555
224,122872,140,291,542,0.015598214285714285
225,123430,120,315,435,0.1429017857142858
226,123630,140,544,420,0.1844017857142859
227,124427,100,962,736,0.15640178571428587
228,125185,120,1067,579,0.06840178571428623
229,126879,100,881,649,0.05159821428571432
230,127099,120,962,638,0.040401785714285765
231,129252,359,960,688,0.11909821428571421
232,130229,239,1073,767,0.0844017857142858
233,132083,120,924,719,0.0179017857142858
234,132342,120,914,747,0.02459821428571418
235,135333,100,899,737,0.0634017857142859
236,135712,100,910,773,0.028098214285714018
237,136888,299,933,703,0.017598214285714064
238,138383,100,934,805,0.21190178571428575
239,138882,120,962,617,0.16690178571428582
240,139241,140,969,592,0.08940178571428614
241,139659,159,978,557,0.07709821428571395
242,141035,100,1183,485,0.1615982142857142
243,141254,159,1090,634,0.22059821428571436
244,144983,199,405,402,0.0894017857142857
245,146338,140,267,573,0.10259821428571403
246,147036,100,305,456,0.05959821428571388
247,148990,119,257,573,0.16309821428571425
248,150565,140,286,543,0.06909821428571394
249,150765,299,265,563,0.19359821428571422
250,151223,100,267,560,0.1785982142857141
251,151502,159,292,566,0.11009821428571387
252,151721,140,292,562,0.258098214285714
253,151961,119,272,559,0.13359821428571372
254,152160,160,293,543,0.3375982142857139
255,152958,100,278,553,0.07359821428571411
256,153297,140,251,571,0.13359821428571417
257,153815,100,511,414,0.18309821428571382
258,154034,179,260,553,0.14709821428571423
259,154513,140,232,549,
260,154692,140,232,553,0.09209821428571408
261,154951,160,277,459,0.05559821428571432
262,155390,120,280,429,0.07190178571428607
263,155669,139,325,421,0.08640178571428603
264,155848,100,328,441,
265,156227,140,258,549,0.037098214285713915
266,156387,120,252,549,0.08790178571428608
267,156566,140,301,425,0.008098214285714
268,156826,140,517,438,0.08390178571428564
269,157025,100,526,422,
270,157244,120,566,427,0.01909821428571412
271,157424,279,567,424,
272,157982,259,592,427,0.17390178571428594
273,158261,140,589,424,0.2784017857142862
274,158660,100,609,418,0.2789017857142859
275,159178,259,507,437,0.1804017857142859
276,161112,120,1004,498,0.05740178571428611
277,161291,279,1045,500,0.0934017857142857
278,161650,219,1090,517,0.11990178571428611
279,161929,100,1106,505,0.08340178571428591
280,162308,120,1079,602,0.04190178571428582
281,162468,120,1069,632,0.12090178571428556
282,162727,140,998,571,0.12590178571428545
283,162926,139,997,569,0.07440178571428602
284,163844,100,969,563,
285,164860,100,549,370,0.10140178571428571
286,166974,179,1006,512,0.006401785714285957
287,167572,120,1026,592,0.12209821428571388
288,168449,159,533,399,0.055401785714286333
289,168908,179,272,211,0.22340178571428604
290,169187,219,96,225,0.10190178571428543
291,169725,339,627,181,0.0355982142857143
292,171021,179,452,380,0.003401785714285843
293,171320,179,137,192,0.08990178571428586
294,171519,140,110,220,0.028401785714285754
295,171699,160,388,496,0.04259821428571442
296,171958,200,506,424,0.026098214285713794
297,176025,159,554,504,0.09259821428571424
298,176424,160,354,506,0.06659821428571444
299,176723,139,338,520,0.12559821428571372
300,176883,100,331,539,0.04659821428571398
301,177082,100,331,534,0.14809821428571412
302,177720,160,415,620,0.22609821428571397
303,177979,160,414,613,0.0980982142857143
304,178318,139,313,607,0.17809821428571393
305,179036,120,396,595,0.15990178571428615
306,179494,120,452,581,0.13940178571428596
307,179714,139,451,583,0.04509821428571392
308,179973,179,565,512,
309,180571,140,421,586,0.14340178571428597
310,180770,100,431,584,
311,180970,120,548,516,0.15440178571428564
312,181269,179,548,516,
313,181787,159,543,508,0.05940178571428589
314,181987,179,546,508,0.08890178571428597
315,182505,140,399,582,0.08809821428571407
316,182984,159,361,632,0.12040178571428584
317,183183,100,359,625,0.0724017857142858
318,183462,100,358,630,0.013901785714286241
319,183801,180,379,736,0.0714017857142859
320,185216,120,354,771,0.129098214285714
321,188606,120,250,841,0.07690178571428596
322,189184,140,237,834,0.052401785714285776
323,189403,120,162,864,0.0010982142857143273
324,189742,100,150,816,
325,191257,100,157,774,0.019401785714285857
326,193191,100,71,830,0.1980982142857144
327,193411,259,90,781,0.16659821428571409
328,193929,140,110,798,0.124901785714286
329,194527,160,174,563,0.05640178571428578
330,194946,120,152,534,0.17190178571428572
331,196142,120,250,551,0.035098214285714135
332,196999,140,282,448,0.1575982142857142
333,197159,160,279,401,0.14509821428571446
334,197458,219,274,406,0.11809821428571388
335,199173,160,242,798,
336,199432,100,235,680,0.16190178571428593
337,200688,100,404,700,0.07590178571428607
338,200887,100,460,156,0.049098214285713926
339,201087,120,259,203,0.13440178571428607
340,201665,100,556,195,0.03540178571428587
341,201984,219,664,166,0.040401785714285765
342,202343,239,678,186,0.09309821428571396
343,202622,399,676,189,0.0049017857142859
344,203041,100,670,205,0.02459821428571418
345,203439,160,289,226,0.045901785714285825
346,203778,120,85,236,0.07840178571428602
347,204297,239,100,303,0.2604017857142855
348,204556,538,135,249,0.09390178571428587
349,205214,219,286,245,0.014401785714285964
350,205453,160,304,243,0.018901785714286135
351,205652,120,304,252,0.025401785714286085
352,206111,100,271,595,0.06559821428571411
353,206250,160,265,597,0.11159821428571393
354,206669,199,206,628,0.007901785714286014
355,207048,100,243,591,0.049401785714286106
356,207168,100,280,548,0.03990178571428604
357,209720,140,967,751,0.0724017857142858
358,209959,100,971,807,0.10090178571428599
359,210996,160,859,611,0.0015982142857140502
360,211414,160,859,605,0.032901785714285925
361,212132,100,997,677,0.030098214285713798
362,212690,120,1074,680,0.024598214285713738
363,213488,120,889,867,0.1309017857142858
364,214345,120,796,669,0.09159821428571391
365,215561,140,295,242,
366,215880,120,89,281,0.14090178571428602
367,216020,120,88,259,0.167401785714286
368,216160,239,117,240,0.17040178571428566
369,216578,100,282,221,0.16190178571428593
370,216718,159,297,225,0.15240178571428586
371,217097,120,793,621,0.02309821428571368
372,217854,139,799,545,0.026098214285713794
373,218492,120,801,556,0.04840178571428577
374,219549,120,751,672,0.0439017857142856
375,220087,120,760,594,0.14140178571428574
376,220287,120,754,634,0.09190178571428609
377,221024,160,729,645,0.06240178571428601
378,221323,159,695,629,0.014901785714286131
379,221503,140,694,633,0.0859017857142863
380,222460,239,692,637,0.10540178571428616
381,223935,160,814,433,0.0019017857142857864
382,224952,219,768,541,0.02240178571428597
383,225191,140,779,523,0.021401785714285637
384,225391,199,879,472,0.07540178571428591
385,225670,120,883,430,0.07490178571428618
386,225849,180,885,426,0.00359821428571383
387,226288,140,772,556,
388,226467,100,839,505,0.14040178571428585
389,227205,279,869,434,0.23290178571428566
390,227504,279,870,434,0.2619017857142856
391,227903,419,874,439,0.237901785714286
392,228341,140,896,450,0.1309017857142858
393,228501,180,899,455,0.13640178571428585
394,228760,100,892,470,0.040401785714285765
395,229438,100,997,417,0.02959821428571452
396,229737,100,964,547,0.02040178571428619
397,229877,140,893,445,0.0005982142857146044
398,230056,159,886,445,0.13340178571428618
399,230654,179,875,442,0.02759821428571385
400,230853,219,875,443,0.07640178571428624
401,231272,100,879,442,0.12590178571428634
402,231531,179,882,443,
403,231731,120,882,429,0.10090178571428599
404,231930,120,884,441,0.26890178571428613
405,232129,140,965,448,0.13340178571428618
406,232548,100,981,475,0.11790178571428589
407,232767,100,894,471,0.14190178571428635
408,234243,159,779,606,0.05890178571428617
409,234622,120,775,606,0.18490178571428562
410,234761,100,808,580,0.05890178571428617
411,235160,239,789,427,0.16440178571428588
412,235419,199,861,513,0.08390178571428564
413,235838,179,917,513,0.023901785714286028
414,236615,199,908,520,
415,237034,180,871,520,0.08640178571428603
416,237353,140,866,525,0.04090178571428549
417,237572,160,996,540,0.0984017857142856
418,238450,100,880,621,
419,239247,100,871,608,0.19040178571428612
420,240324,120,922,555,0.09390178571428587
421,240503,139,957,566,0.14990178571428547
422,240962,239,79,252,
423,241640,140,88,274,0.1549017857142858
424,241919,160,116,250,0.10840178571428627
425,242298,439,89,308,0.07490178571428618
426,242796,179,76,287,0.019401785714285857
427,243075,219,291,286,
428,243394,100,912,480,
429,244311,159,805,695,0.058901785714285726
430,245348,239,842,704,0.028098214285713574
431,246943,139,939,580,0.045901785714285825
432,247142,100,1018,566,0.019401785714285857
433,247601,120,799,771,0.05190178571428561
434,247960,140,747,680,0.027598214285714295
435,248618,160,760,699,0.08940178571428614
436,250013,100,860,545,0.013598214285714061
437,252027,120,798,800,
438,254001,159,860,857,0.08240178571428558
439,254220,100,901,885,0.1160982142857141
440,255157,100,815,864,0.18159821428571377
441,255277,120,822,869,0.12959821428571416
442,256054,160,874,910,0.2240982142857142
443,256254,239,863,948,
444,256593,219,825,900,0.24159821428571426
445,258367,159,894,766,0.09059821428571402
446,258606,140,901,774,0.055598214285713876
447,259165,100,913,727,0.20740178571428558
448,260919,179,734,687,0.04690178571428616
449,261118,120,732,698,0.14590178571428591
450,262554,120,680,654,0.03890178571428571
451,263013,100,710,765,
452,263391,179,751,802,0.10040178571428626
453,264189,140,753,631,
454,266661,120,1121,547,0.0885982142857138
455,267000,100,1142,519,0.1515982142857144
456,267399,199,1090,567,0.23559821428571404
457,267618,120,1105,547,0.15209821428571413
458,268037,100,1079,577,0.26459821428571395
459,269133,199,1078,588,0.1945982142857141
460,269771,140,1098,552,0.33209821428571473
461,270170,100,1073,611,0.08840178571428581
462,271805,120,1049,702,0.14309821428571468
463,272004,159,1036,705,0.13940178571428596
464,272204,120,1035,739,0.06940178571428568
465,273161,100,1018,731,0.019401785714285857
466,273460,120,1062,740,0.09209821428571408
467,275015,100,876,594,0.05190178571428605
468,275414,120,798,563,0.21709821428571408
469,275753,319,793,567,0.09190178571428564
470,276690,199,833,557,0.012901785714285907
471,277108,120,788,530,0.09159821428571391
472,277726,120,786,725,0.17490178571428583
473,277866,199,778,720,0.10940178571428572
474,278105,199,764,562,0.13840178571428607
475,278823,120,725,556,0.14840178571428542
476,279022,120,718,545,0.04009821428571403
477,279282,100,813,529,0.03490178571428615
478,279920,120,715,540,0.1479017857142857
479,280179,160,709,613,
480,280578,120,720,673,0.11040178571428605
481,280976,259,667,621,0.07290178571428596
482,281435,120,670,608,0.09490178571428576
483,281654,100,667,623,0.011901785714286017
484,282232,100,843,925,0.2790982142857139
485,282452,120,174,263,0.00590178571428579
486,282970,159,96,239,0.14840178571428586
487,283189,140,295,245,0.16490178571428604
488,283748,100,738,660,0.024901785714285474
489,284445,100,807,571,0.04640178571428599
490,284645,120,815,580,0.10040178571428626
491,284884,140,850,579,0.1549017857142858
492,285602,140,769,670,0.09690178571428598
493,285761,100,770,656,0.023901785714286028
494,286339,140,769,684,0.12359821428571394
495,286778,159,791,580,0.03790178571428582
496,287077,160,720,632,0.0414017857142861
497,287974,100,780,665,0.03340178571428609
498,289589,100,784,643,
499,290187,100,800,631,0.03459821428571397
500,290805,140,799,597,0.034098214285714246
501,291583,100,855,551,0.01240178571428574
502,293537,140,959,635,0.19840178571428568
503,295491,120,1076,721,0.13590178571428613
504,295650,139,1084,708,0.09659821428571425
505,296049,100,1085,688,0.06309821428571372
506,296268,100,1071,716,0.05259821428571376
507,296547,159,1087,701,0.07859821428571401
508,296946,100,1049,767,0.02559821428571407
509,297425,100,1150,815,0.06940178571428612
510,298182,100,1003,492,0.05509821428571415
511,298780,219,992,436,0.0900982142857143
512,299518,120,992,433,0.22109821428571408
513,299837,199,999,482,0.10359821428571436
514,300196,100,1090,443,0.125098214285714
515,302030,140,803,437,0.050401785714285996
516,302967,120,814,415,0.01709821428571434
517,303326,100,807,475,0.0049017857142859
518,303705,120,732,490,0.057901785714285836
519,304184,219,914,408,0.042401785714285545
520,304423,199,921,412,0.11540178571428594
521,304682,140,859,463,0.05490178571428572
522,305101,100,878,474,0.3009017857142857
523,305639,180,860,462,0.08340178571428591
524,306018,100,896,467,0.15340178571428575
525,306197,100,904,448,0.16690178571428582
526,306317,339,909,465,0.0934017857142857
527,306676,199,908,482,0.14740178571428597
528,307035,120,854,549,0.07159821428571433
529,307373,180,916,527,
530,308091,100,319,566,0.10440178571428582
531,308590,100,253,631,0.13290178571428557
532,309188,199,154,559,
533,309806,100,150,557,0.1269017857142858
534,310105,100,166,591,0.03890178571428571
535,310364,219,204,658,0.008598214285713723
536,310783,120,175,642,0.0674017857142859
537,311680,159,148,612,0.20440178571428547
538,312158,100,234,632,
539,312577,100,243,625,
540,312717,100,244,621,0.09440178571428604
541,313195,139,173,749,0.15640178571428587
542,313395,100,211,727,0.23640178571428594
543,316784,140,316,766,0.09090178571428575
544,317522,100,374,695,0.06240178571428601
545,318997,100,382,777,0.055901785714286056
546,319814,299,391,581,
547,320632,120,493,585,0.0315982142857143
548,320791,120,486,597,0.2690982142857141
549,321110,100,529,585,
550,321270,179,493,627,0.04090178571428549
551,321669,100,496,603,
552,321828,119,499,631,
553,322546,179,216,563,0.050401785714285996
554,323284,140,230,481,0.116901785714286
555,324061,120,129,225,0.08140178571428613
556,324978,100,329,529,0.0714017857142859
557,325417,100,409,594,
558,325975,199,403,703,
559,327172,100,490,646,
560,327730,120,475,755,0.00790178571428557
561,330062,120,343,790,
562,331398,160,298,778,
563,331817,179,300,754,0.016401785714285744
564,332156,120,294,760,0.06809821428571361
565,333193,100,242,792,0.11409821428571387
566,335346,159,231,537,0.11409821428571387
567,335545,159,224,541,0.14709821428571423
568,335844,120,249,516,0.08209821428571429
569,336084,100,246,485,0.28059821428571396
570,336682,100,163,521,0.06509821428571438
571,337080,199,197,522,0.05959821428571388
572,337359,259,207,538,0.0810982142857144
573,337639,140,208,526,0.16409821428571414
574,337958,100,213,525,0.07659821428571423
575,338097,140,187,615,0.048098214285714036
576,338376,120,138,584,0.21509821428571385
577,339473,100,126,520,0.08209821428571429
578,339592,100,94,532,
579,339732,159,78,473,0.050401785714285996
580,339912,199,86,482,0.0029017857142861203
581,340270,399,132,474,0.046098214285714256
582,340789,299,136,476,0.003401785714285843
583,341128,159,76,558,0.01890178571428569
584,341447,120,70,540,0.041598214285714086
585,341586,120,60,532,0.07859821428571401
586,341845,120,70,562,0.019598214285713844
587,342144,100,67,544,0.04009821428571403
588,342503,100,163,545,0.033098214285714356
589,342802,180,173,540,0.0019017857142857864
590,343361,140,173,482,0.0014017857142860635
591,343799,259,146,464,0.011901785714286017
592,344218,120,79,445,0.004098214285713997
593,344357,199,16,460,0.025901785714285808
594,344577,120,129,441,0.017098214285713897
595,344756,279,124,443,0.025401785714286085
596,345155,180,117,433,0.025901785714285808
597,345434,100,120,663,0.007598214285714278
598,345554,359,130,693,0.010901785714285683
599,346032,120,78,606,0.01690178571428591
600,346192,120,74,602,0.038401785714285985
601,348405,160,128,576,0.2320982142857142
602,349143,319,181,559,0.045598214285713645
603,349880,140,244,431,0.1160982142857141
604,350738,100,130,527,0.011901785714286017
605,350877,239,119,516,0.059901785714285616
606,351296,319,91,513,0.042901785714286156
607,351695,259,130,504,0.06040178571428623
608,352113,159,169,476,0.016401785714285744
609,352313,419,167,466,0.09509821428571374
610,352811,1077,133,458,0.08609821428571429
611,353908,160,124,494,0.1595982142857144
612,354107,180,140,594,0.018598214285713954
613,355224,120,136,580,0.03740178571428565
614,355363,100,134,584,0.2665982142857142
615,355802,140,88,563,0.10809821428571365
616,356061,279,122,577,0.00559821428571361
617,356599,140,126,575,0.1070982142857142
618,357098,120,88,584,0.0485982142857142
619,357337,100,78,562,0.010098214285714224
620,357975,120,111,503,0.10590178571428588
621,358234,160,100,531,0.03609821428571447
622,358673,678,72,585,0.04340178571428588
623,359929,279,161,478,0.010098214285714224
624,360248,100,261,412,0.02890178571428592
625,361384,120,408,692,0.021598214285713624
626,363697,100,394,590,
627,364116,160,470,618,0.20340178571428602
628,364435,139,465,605,0.06890178571428596
629,364614,199,478,590,
630,364893,100,481,597,
631,365272,200,515,530,0.04640178571428599
632,366030,139,553,563,0.05190178571428605
633,366189,100,551,526,0.0024017857142859533
634,366309,120,496,484,0.05240178571428622
635,366588,279,400,596,
636,367465,120,394,596,0.014098214285713784
637,367605,100,406,606,0.07540178571428591
638,368641,120,444,495,0.18490178571428562
639,368920,140,430,530,0.1964017857142859
640,369080,120,428,529,
641,369618,140,419,544,0.015401785714285854
642,370037,160,419,542,0.09440178571428604
643,370336,219,422,537,0.05690178571428639
644,370715,100,425,669,0.004098214285714441
645,371173,180,301,641,
646,371373,100,300,638,
647,371732,120,327,625,
648,372031,140,424,550,0.08990178571428586
649,372230,119,419,535,0.14090178571428602
650,372430,179,429,550,0.04590178571428538
651,373207,100,403,628,0.08790178571428564
652,373845,179,270,814,0.049401785714286106
653,374842,199,243,600,0.2264017857142857
654,375560,120,212,551,0.1064017857142856
655,375799,120,250,544,
656,376935,140,407,680,0.05640178571428578
657,377813,100,554,784,0.14340178571428597
658,378291,140,511,518,
659,378790,319,562,512,0.09990178571428565
660,379228,140,554,493,0.10440178571428582
661,379388,120,545,508,0.027401785714285865
662,379647,160,544,501,0.171401785714286
663,380066,120,540,524,0.1689017857142856
664,380544,140,580,584,0.012401785714286184
665,382618,100,451,444,0.037098214285713915
666,382737,219,480,463,0.06790178571428607
667,382996,199,388,424,
668,383674,120,467,780,
669,384571,120,568,490,0.052098214285714484
670,385010,100,220,514,0.08159821428571412
671,385209,159,159,774,0.15959821428571397
672,387582,120,119,228,
673,387861,140,76,255,0.06390178571428606
674,388180,199,136,245,
675,388499,100,158,270,0.006098214285714221
676,388998,259,310,248,0.018901785714286135
677,389337,319,105,274,
678,389795,120,140,282,0.044401785714285325
679,389935,120,144,276,0.02890178571428592
680,390712,160,755,591,0.030598214285713965
681,391270,120,882,573,0.035901785714285595
682,391490,259,883,571,0.05690178571428639
683,391809,140,920,480,0.08340178571428591
684,392028,179,985,476,0.013901785714285797
685,392267,179,921,463,0.062598214285714
686,392586,120,897,485,0.0755982142857139
687,392726,120,902,476,0.009901785714285793
688,392925,160,989,464,0.03790178571428626
689,393364,139,992,439,0.07609821428571406
690,393663,100,285,249,
691,394301,160,96,235,0.07490178571428618
692,394480,279,72,234,0.13040178571428562
693,394799,100,54,239,0.03140178571428587
694,394919,120,106,245,0.01590178571428602
695,395118,160,769,650,0.21759821428571424
696,395716,120,764,687,0.056901785714285946
697,396275,160,937,657,0.12390178571428567
698,397212,120,987,688,0.07609821428571406
699,397351,160,980,676,0.12190178571428589
700,397730,139,975,687,0.1355982142857144
701,398308,139,975,685,0.054598214285713986
702,398966,139,994,679,0.02959821428571452
703,399784,100,802,709,0.20959821428571423
704,400182,120,801,674,0.06359821428571433
705,402396,100,791,546,0.01459821428571395
706,402595,100,790,561,0.03059821428571441
707,405187,120,778,628,0.07159821428571433
708,406244,219,816,504,0.044901785714285936
709,406642,100,810,505,0.031901785714286035
710,407181,279,813,447,0.02509821428571435
711,407559,140,813,445,0.05059821428571398
712,407719,100,813,418,0.053098214285714374
713,407978,239,809,459,0.09690178571428598
714,408277,139,810,457,0.030901785714286145
715,408995,119,822,475,0.10759821428571392
716,409274,219,819,448,0.08209821428571384
717,411427,100,1036,524,0.1645982142857143
718,411567,219,1026,541,0.13909821428571423
719,412404,140,881,471,0.0019017857142857864
720,412683,199,864,457,0.07309821428571395
721,413142,100,997,697,0.014901785714285687
722,413521,219,1049,717,0.05740178571428611
723,414896,120,985,689,0.014901785714285687
724,415156,239,980,706,0.07359821428571411
725,416033,100,970,618,0.14259821428571406
726,416252,120,1024,695,0.017401785714286078
727,416830,100,1060,653,0.006401785714285957
728,416990,180,1047,665,0.023901785714286028
729,417708,199,1061,651,0.013901785714286241
730,418047,160,1062,672,0.0309017857142857
731,418984,120,1062,751,0.022598214285713958
732,419123,160,993,713,0.1485982142857143
733,419642,219,979,682,0.021598214285714512
734,420020,140,987,713,0.05940178571428589
735,420638,100,985,735,0.06040178571428578
736,421197,120,1019,693,0.07440178571428557
737,421795,100,1059,694,0.12940178571428618
738,421974,199,1045,596,0.19009821428571438
739,422512,120,1028,588,0.0010982142857143273
740,422851,120,708,519,0.1255982142857146
741,423091,139,896,498,0.10509821428571442
742,423649,239,797,525,0.0024017857142859533
743,423928,140,798,520,0.060598214285714214
744,424287,199,820,563,0.0210982142857139
745,425144,160,825,502,0.014098214285714228
746,427776,239,859,735,0.10109821428571397
747,428414,279,874,733,0.030598214285713965
748,429830,100,844,647,0.06209821428571427
749,447355,120,1066,582,0.17059821428571365
750,452239,100,974,615,0.14590178571428591
751,461151,100,81,274,
752,461849,140,325,275,
753,462607,160,320,279,
754,462966,199,313,273,
755,463265,100,308,262,
756,463504,100,130,319,0.13440178571428607
757,463624,160,119,304,
758,463823,180,120,282,
759,464481,140,102,288,
760,464640,279,95,296,
761,465059,140,115,311,
762,465577,100,112,269,
763,465896,100,117,289,
764,466295,239,342,220,
765,467133,160,341,268,
766,467372,179,146,293,
767,501884,100,839,787,
768,503977,159,84,287,
769,504156,140,110,273,
770,533265,120,944,686,0.2480982142857142
771,542496,140,691,180,
772,542955,100,694,192,
773,543314,160,695,179,
774,543573,140,686,191,
775,543732,160,685,160,
776,544131,100,662,192,
777,544550,100,571,229,
778,546065,219,256,232,0.22659821428571458
779,563012,100,867,641,
780,752159,140,496,171,0.304598214285714
781,753595,219,86,307,0.009598214285714057
782,753934,120,297,250,
783,804954,199,681,235,
784,805193,159,690,233,
785,805392,199,701,229,
786,811533,100,432,514,0.18890178571428606
787,828978,120,874,574,
788,839605,120,693,204,
789,844091,119,296,246,0.017598214285714064
790,877327,100,335,664,0.3185982142857142
791,877626,180,320,512,0.08640178571428603
792,878224,120,1034,622,0.06940178571428568
793,885162,219,1038,624,0.007401785714285403
794,885401,120,1052,613,0.07709821428571395
795,886259,120,994,647,0.0010982142857143273
796,886777,120,280,278,0.11790178571428589
797,887036,219,105,252,
798,887555,100,321,561,0.018098214285713787
799,888552,100,280,269,0.13590178571428568
800,888671,120,277,277,0.13040178571428562
801,888811,120,274,259,0.11240178571428583
802,888950,179,115,260,0.12840178571428584
803,889349,837,675,275,0.05390178571428583
804,890266,159,584,296,0.048098214285714036
805,890446,279,680,274,0.02559821428571407
806,890765,379,675,275,0.07759821428571367
807,891183,179,581,295,0.03859821428571397
808,896367,100,400,475,0.10290178571428577
809,897942,160,322,778,0.022598214285713958
810,898700,120,475,1093,0.0770982142857144
811,899078,120,597,1165,0.12309821428571421
812,899497,140,79,856,0.07290178571428596
813,899816,140,76,885,0.05090178571428616
814,901172,219,251,586,0.00590178571428579
815,903604,100,859,720,0.03940178571428543
816,904900,160,802,644,0.026098214285713794
817,906495,239,390,621,0.024901785714285918
818,907054,120,385,638,0.129098214285714
819,907592,140,462,575,0.028098214285714462
820,908310,120,437,550,0.12840178571428584
821,908549,120,228,651,0.004598214285714164
822,908688,140,230,641,0.04690178571428616
823,908868,120,310,658,
824,909586,140,155,634,0.13590178571428613
825,911340,239,126,495,0.08090178571428552
826,911659,140,228,484,0.21940178571428604
827,912975,140,190,514,
828,913872,100,287,214,
829,914071,379,657,251,0.1639017857142857
830,914709,160,269,235,0.014401785714285964
831,914889,140,79,256,0.0029017857142856762
832,915487,219,673,257,0.044901785714285936
833,915746,359,662,263,0.0764017857142858
834,916125,219,569,276,0.01240178571428574
835,916444,120,276,257,
836,916923,439,119,256,
837,918478,140,1111,611,0.12190178571428589
838,923123,100,168,248,
839,923801,179,288,278,0.05740178571428611
840,924280,100,1225,757,0.0005982142857141604
841,924419,119,1213,765,0.004598214285714164
842,925276,219,1105,691,0.10940178571428572
843,926114,120,1160,760,
844,926732,160,1104,693,0.12240178571428562
845,926951,219,1065,714,0.08390178571428564
846,927210,120,1069,703,0.0010982142857143273
847,927669,100,1015,632,0.0015982142857140502
848,928865,179,902,632,0.04890178571428594
849,929064,100,898,675,0.017401785714286078
850,929184,159,863,628,0.20690178571428586
851,929443,179,814,680,0.18290178571428584
852,930958,120,1032,615,0.09890178571428576
853,931876,100,1115,697,
854,933411,100,1011,599,0.03340178571428609
855,933610,100,1007,629,0.07109821428571417
856,933730,120,1001,618,
857,934129,100,1091,711,0.12940178571428618
858,936122,100,1161,768,0.0414017857142861
859,936342,279,1019,636,0.03690178571428593
860,937538,100,1087,916,0.04090178571428549
861,937777,100,1163,693,0.10240178571428604
862,939113,259,1066,683,0.10309821428571375
863,939671,140,1081,958,0.0185982142857144
864,940369,100,1127,718,0.07540178571428591
865,941286,120,1132,765,0.014901785714285687
866,941964,140,1132,776,0.03690178571428593
867,942223,100,1138,776,0.0485982142857142
868,942662,139,1133,757,
869,942941,159,1132,764,
870,945353,140,1148,776,0.12959821428571416
871,946610,100,1223,809,0.024098214285714015
872,947028,120,1100,785,
873,948504,180,102,270,0.17390178571428594
874,948862,100,111,279,0.21090178571428542
875,951634,259,260,656,0.15809821428571436
876,952611,100,331,657,0.08559821428571457
877,953887,100,29,806,0.051401785714285886
878,954445,100,37,829,0.08140178571428569
879,954864,100,108,843,0.20409821428571417
880,955541,100,123,731,0.06790178571428562
881,955681,100,119,734,0.010598214285714391
882,956000,140,151,650,0.08909821428571396
883,959090,100,570,782,0.058401785714286
884,960885,199,347,798,0.12790178571428612
885,961244,160,313,765,
886,962719,120,186,778,0.06990178571428585
887,963457,100,438,689,0.2289017857142861
888,963816,100,453,671,
889,964354,159,424,651,
890,964773,100,363,720,0.048098214285714036
891,966368,120,368,731,0.05259821428571421
892,967065,100,373,718,0.051401785714285886
893,968441,120,206,787,0.03640178571428576
894,968800,140,199,749,0.07040178571428601
895,969597,160,260,245,
896,970036,179,80,253,0.01990178571428558
897,970594,120,209,673,0.006098214285714221
898,971412,159,134,619,0.05709821428571438
899,973146,139,177,614,0.055598214285713876
900,973306,160,184,620,0.10609821428571387
901,974562,239,135,601,0.08609821428571429
902,975040,120,145,586,0.0185982142857144
903,975838,199,247,655,0.0004017857142857295
904,977273,160,187,553,
905,977812,239,188,573,
906,978270,100,373,633,
907,978848,100,478,651,
908,981879,100,363,626,
909,985448,199,376,638,
910,986803,219,359,710,0.018401785714285523
911,987122,100,301,793,0.024098214285714015
912,987302,139,283,798,0.012598214285714171
913,987461,100,281,808,0.09040178571428603
914,988020,159,470,656,0.15890178571428581
915,988319,140,468,682,0.14490178571428558
916,988618,120,459,682,0.059901785714285616
917,988797,179,464,693,0.039598214285714306
918,989794,140,546,696,0.004401785714286177
919,990193,100,554,702,0.010098214285714224
920,990711,120,517,750,0.005598214285714498
921,991688,120,298,805,0.116901785714286
922,991888,100,294,793,0.05490178571428572
923,993243,120,544,801,0.09509821428571419
924,994938,140,544,811,0.05490178571428572
925,995137,100,548,803,0.051401785714285886
926,995436,100,600,801,0.03459821428571397
927,996732,120,554,808,0.013901785714286241
928,998926,199,107,238,0.01659821428571373
929,999922,159,163,604,0.03740178571428565
930,1000241,219,165,601,0.03740178571428565
931,1002115,100,219,744,0.020098214285714455
932,1006522,120,276,767,0.07590178571428563
933,1006940,100,244,791,0.09590178571428609
934,1008635,100,313,846,0.019401785714285857
935,1009931,100,308,855,0.21140178571428603
936,1012284,179,248,690,0.07459821428571445
937,1012962,159,266,693,0.1030982142857142
938,1013859,279,96,235,0.0485982142857142
939,1015174,239,110,236,
940,1015513,199,273,181,0.05009821428571426
941,1015812,399,103,219,
942,1016271,239,291,251,0.0355982142857143
943,1016929,279,340,643,0.31109821428571394
944,1017228,279,272,696,0.0835982142857139
945,1019820,279,374,532,0.061901785714286284
946,1020996,179,306,541,0.06590178571428584
947,1021196,100,302,550,0.026098214285713794
948,1021355,100,445,503,0.017598214285714064
949,1021933,100,383,530,0.01990178571428558
950,1024047,100,967,539,
951,1026698,100,514,198,0.06109821428571394
952,1028832,100,128,219,0.074598214285714
953,1030526,279,934,474,0.13190178571428568
954,1031025,120,1138,729,
955,1031284,120,1165,724,0.15440178571428564
956,1031723,120,896,666,0.0019017857142857864
957,1031982,120,904,636,0.042401785714285545
958,1033158,100,863,680,0.2704017857142862
959,1033617,120,818,635,0.27790178571428603
960,1034534,120,864,635,0.04640178571428599
961,1035551,199,799,581,0.0445982142857142
962,1036627,140,882,696,0.09759821428571414
963,1036966,259,881,800,0.04259821428571353
964,1037624,199,864,729,0.04509821428571392
965,1038023,100,864,609,0.0714017857142859
966,1039199,139,727,687,0.10990178571428633
967,1039678,259,699,614,0.13540178571428596
968,1039957,140,701,634,0.0859017857142863
969,1044662,219,477,519,0.11240178571428583
970,1045639,100,264,755,0.06390178571428606
971,1045938,120,556,650,0.06890178571428596
972,1046855,100,422,895,0.10009821428571408
973,1047932,120,530,656,0.04309821428571414
974,1048390,120,454,701,0.03990178571428604
975,1049347,159,129,641,0.07090178571428574
976,1050245,139,304,602,0.01459821428571395
977,1050962,219,274,657,0.023098214285714125
978,1051580,159,355,629,0.020098214285714455
979,1052198,140,367,538,0.1259017857142859
980,1052876,100,304,657,0.18859821428571433
981,1053993,140,307,618,0.06390178571428606
982,1055628,120,345,628,0.043598214285713865
983,1056206,140,754,580,
984,1056884,100,584,279,
985,1057083,100,677,278,
986,1057861,299,551,291,
987,1058419,120,317,244,0.07259821428571422
988,1058578,100,302,244,
989,1058798,140,84,247,0.03140178571428587
990,1059795,140,270,715,0.018098214285713787
991,1062346,120,814,498,0.023598214285714292
992,1078516,140,900,431,0.03240178571428576
993,1093569,120,407,708,
994,1096141,140,658,261,
995,1096460,319,660,272,
996,1097915,259,494,268,
997,1098314,160,500,252,0.04409821428571448
998,1098493,159,494,253,0.018098214285713787
999,1098792,259,478,127,0.14259821428571406
1000,1099271,140,487,247,0.07359821428571411
1001,1099929,478,507,248,
1002,1100427,219,503,245,0.0835982142857139
1003,1100726,140,504,246,
1004,1101105,100,505,255,0.07290178571428552
1005,1101245,140,480,281,0.010098214285714224
1006,1103657,100,211,579,0.125098214285714
1007,1111114,159,473,654,
1008,1111911,159,551,585,
1009,1113845,100,175,483,
1010,1115420,120,227,691,0.01240178571428574
1011,1120564,100,54,261,0.042401785714285545
1012,1122179,100,248,584,
1013,1122498,100,294,544,0.2754017857142861
1014,1123016,100,393,603,0.2174017857142858
1015,1125090,100,301,860,
1016,1125369,120,321,822,
1017,1144529,100,193,586,
1018,1146523,120,204,634,
1019,1147141,120,267,755,0.12640178571428606
1020,1151427,219,401,509,0.21859821428571413
1021,1155794,100,326,615,0.032901785714285925
1022,1158007,140,354,680,0.06909821428571394
1023,1159602,160,238,760,0.08590178571428542
1024,1159980,100,207,711,
1025,1162194,100,243,610,0.10590178571428588
1026,1162612,159,276,617,0.10990178571428588
1027,1162852,139,272,620,
1028,1163011,219,259,586,0.20340178571428602
1029,1163290,239,260,603,0.12140178571428617
1030,1163868,120,377,584,0.017598214285714064
1031,1164726,100,797,569,0.018401785714285523
1032,1164845,100,834,522,0.12290178571428578
1033,1165324,199,112,333,0.3329017857142862
1034,1180357,160,1018,719,0.13840178571428607
1035,1181433,140,1169,663,0.07390178571428585
1036,1184244,100,1188,756,
1037,1184364,179,1188,736,0.1244017857142854
1038,1189269,100,1012,628,
1039,1192678,120,1024,673,0.0575982142857141
1040,1193416,160,851,869,
1041,1195748,100,777,666,0.04240178571428599
1042,1195968,120,804,706,0.04240178571428599
1043,1197224,359,295,318,0.27240178571428597
1044,1198420,140,323,759,0.18590178571428595
1045,1198898,160,775,608,0.10490178571428554
1046,1199078,120,773,592,0.1339017857142859
1047,1200035,100,998,635,0.05509821428571415
1048,1201730,120,1161,500,0.08809821428571407
1049,1202627,100,836,568,0.12759821428571438
1050,1202886,120,871,389,0.00790178571428557
1051,1203125,140,855,590,0.11559821428571393
1052,1203763,120,1033,427,0.028098214285714018
1053,1204222,139,991,388,0.24159821428571426
1054,1204601,219,1176,455,0.17509821428571426
1055,1205677,160,963,442,
1056,1206475,159,991,435,0.15359821428571419
1057,1206834,219,996,425,0.312598214285714
1058,1209605,140,1059,547,0.04309821428571414
1059,1210462,160,1145,629,0.15590178571428615
1060,1210761,199,1194,664,0.050401785714285996
1061,1211100,140,1064,628,0.044901785714285936
1062,1213154,120,1128,820,0.14940178571428575
1063,1214091,239,1207,748,0.17090178571428538
1064,1214350,140,1171,746,0.1694017857142862
1065,1214988,100,1008,555,0.13190178571428568
1066,1215108,419,1003,553,0.3454017857142859
1067,1215546,120,957,532,0.2799017857142858
1068,1215766,119,892,589,
1069,1215905,140,911,567,0.3099017857142856
1070,1217002,160,1039,673,0.19840178571428613
1071,1217181,100,1044,697,0.1269017857142858
1072,1217460,100,1050,700,0.1529017857142856
1073,1217640,120,1086,689,0.07090178571428574
1074,1217799,120,1086,705,0.024098214285714015
1075,1218098,180,1078,697,0.10140178571428571
1076,1218437,120,1047,706,0.0714017857142859
1077,1218577,120,1047,694,0.004401785714286177
1078,1218776,100,1039,679,0.09490178571428576
1079,1219155,279,1036,694,0.19590178571428574
1080,1219833,139,1151,736,0.08140178571428613
1081,1220212,100,1156,691,0.023901785714286028
1082,1220670,100,1150,777,0.09909821428571419
1083,1222026,100,1068,686,0.1154017857142855
1084,1222186,100,1079,676,0.0974017857142857
1085,1222544,219,1108,679,0.03740178571428565
1086,1223382,139,921,760,0.027401785714285865
1087,1223581,179,921,771,0.1039017857142861
1088,1225176,180,989,800,0.07040178571428557
1089,1226811,199,984,824,0.1559017857142857
1090,1229483,239,1030,475,
1091,1229941,199,1022,456,
1092,1230480,180,983,495,0.004598214285714164
1093,1230759,160,1042,596,
1094,1230958,100,1014,636,0.1020982142857143
1095,1231157,120,808,554,0.011098214285714114
1096,1231955,160,796,523,0.11490178571428578
1097,1232254,120,899,610,0.11740178571428572
1098,1232832,100,951,718,0.020901785714285914
1099,1233251,219,1023,497,0.18490178571428562
1100,1233570,179,1143,563,0.13090178571428623
1101,1234128,160,459,281,0.041598214285714086
1102,1234886,100,500,236,0.12290178571428534
1103,1236441,259,487,276,0.19909821428571428
1104,1237338,160,478,258,
1105,1237538,359,475,261,
1106,1237936,379,473,253,
1107,1238335,100,481,252,0.1015982142857137
1108,1238514,179,697,254,
1109,1238734,160,784,263,0.11509821428571376
1110,1238913,179,838,260,
1111,1239412,180,499,252,0.01590178571428602
1112,1239631,718,494,262,
1113,1240408,219,319,252,
1114,1240708,100,259,217,
1115,1241126,239,113,246,0.00690178571428568
1116,1241425,359,167,214,0.043598214285713865
1117,1244874,120,349,667,0.14759821428571396
1118,1245174,120,366,650,0.1315982142857144
1119,1245333,259,363,616,0.10990178571428588
1120,1248603,100,1146,781,0.06809821428571361
1121,1249081,140,394,678,0.0049017857142859
1122,1249241,100,356,637,0.01590178571428602
1123,1249380,120,347,647,0.1194017857142855
1124,1249540,259,366,635,0.011598214285714281
1125,1250178,140,363,645,0.08609821428571429
1126,1250916,160,366,626,0.14509821428571446
1127,1251155,100,362,631,0.3130982142857137
1128,1251314,159,364,633,0.2560982142857142
1129,1251574,100,370,650,0.13509821428571378
1130,1251892,140,362,667,0.17109821428571426
1131,1252072,159,368,687,0.13459821428571406
1132,1252251,100,358,658,0.2240982142857142
1133,1253368,100,356,648,0.045098214285714366
1134,1253487,140,359,649,0.012401785714286184
1135,1253687,100,356,642,0.020901785714285914
1136,1254305,140,244,705,0.03690178571428593
1137,1254604,159,281,648,0.15059821428571407
1138,1255641,159,277,625,0.10540178571428616
1139,1255840,100,278,638,0.02609821428571424
1140,1256398,100,382,546,0.11040178571428605
1141,1256618,100,374,623,0.12959821428571416
1142,1257016,140,368,637,0.03909821428571458
1143,1258033,120,469,528,0.042901785714286156
1144,1258193,100,475,513,0.0024017857142855092
1145,1259987,259,257,205,0.05390178571428628
1146,1260406,100,408,543,0.13559821428571395
1147,1260964,100,981,540,0.013901785714285797
1148,1262260,199,795,605,
1149,1263177,100,757,634,0.013598214285714061
1150,1263356,239,761,649,
1151,1265131,199,386,614,0.04259821428571442
1152,1265350,100,377,621,0.028098214285714018
1153,1265510,179,382,632,0.12309821428571421
1154,1266028,160,447,625,
1155,1266507,120,291,596,0.022901785714285694
1156,1266666,160,270,579,0.06659821428571444
1157,1269736,180,476,740,0.08140178571428613
1158,1270394,120,538,538,
1159,1271032,100,312,590,0.040401785714285765
1160,1271611,179,243,530,0.055598214285713876
1161,1271810,100,230,511,0.05490178571428572
1162,1271930,160,226,509,0.10190178571428543
1163,1272129,140,311,521,0.002598214285714384
1164,1272448,140,295,532,0.054598214285713986
1165,1272887,199,245,412,
1166,1273405,100,228,423,0.09159821428571391
1167,1273525,100,226,399,
1168,1274143,159,293,454,0.11890178571428578
1169,1275478,199,256,445,0.12309821428571421
1170,1275817,180,139,448,0.14709821428571423
1171,1276096,100,360,531,0.022098214285714235
1172,1276336,100,459,512,0.09559821428571436
1173,1277034,100,17,507,0.16340178571428599
1174,1277632,120,228,456,0.08609821428571429
1175,1278230,140,22,792,0.025401785714286085
1176,1278549,140,73,860,0.09909821428571419
1177,1278928,100,849,826,0.11309821428571443
1178,1279366,119,936,883,0.020598214285714178
1179,1279984,140,851,815,0.03440178571428554
1180,1280303,120,957,820,0.0210982142857139
1181,1280961,179,322,664,0.0010982142857143273
1182,1282218,100,137,579,0.01459821428571395
1183,1282536,140,224,547,0.19559821428571444
1184,1282855,100,228,553,0.22459821428571392
1185,1282975,100,217,522,0.11209821428571409
1186,1283234,140,145,714,0.05059821428571398
1187,1283513,100,146,692,0.18359821428571443
1188,1284510,140,164,718,0.0005982142857141604
1189,1285029,120,411,705,0.06209821428571427
1190,1285567,120,418,762,
1191,1285766,120,490,710,0.024598214285713738
1192,1286304,219,242,555,0.2060982142857144
1193,1286703,139,297,576,0.02559821428571407
1194,1286903,140,296,583,0.10409821428571409
1195,1287142,100,281,650,0.10459821428571381
1196,1287640,100,360,735,0.09059821428571402
1197,1288198,120,301,795,0.1095982142857137
1198,1289375,160,114,826,0.15640178571428587
1199,1290252,160,35,847,0.06859821428571422
1200,1290472,120,81,896,0.10190178571428632
1201,1290890,100,131,837,0.012401785714286184
1202,1292186,100,191,756,0.08659821428571401
1203,1294120,219,143,743,0.07709821428571395
1204,1295894,179,222,710,0.002598214285714384
1205,1296792,160,219,702,0.05209821428571404
1206,1297250,140,258,678,0.09959821428571436
1207,1297430,140,286,664,0.2165982142857139
1208,1297629,100,297,669,0.23859821428571415
1209,1297848,120,283,663,0.19509821428571428
1210,1298446,140,272,688,0.12159821428571416
1211,1299184,120,243,767,0.23309821428571365
1212,1300081,160,235,645,0.015098214285713674
1213,1300600,120,252,750,0.02940178571428609
1214,1301397,100,329,723,0.05990178571428606
1215,1302793,139,284,659,0.07159821428571389
1216,1303032,100,278,670,0.012098214285714004
1217,1303311,100,292,663,0.03859821428571397
1218,1303451,100,293,654,0.012401785714286184
1219,1304188,259,282,660,0.22309821428571386
1220,1304527,120,288,662,0.03359821428571408
1221,1304906,140,289,672,0.1745982142857141
1222,1306182,160,280,645,
1223,1306382,259,284,673,0.08609821428571429
1224,1306661,100,300,664,0.09059821428571402
1225,1307099,180,291,674,0.06459821428571377
1226,1307498,120,286,670,0.2525982142857144
1227,1308116,140,282,661,0.11259821428571382
1228,1308455,120,294,676,
1229,1308814,219,293,704,0.2575982142857143
1230,1310150,199,280,647,0.179598214285714
1231,1310469,160,292,664,
1232,1311506,120,286,649,0.10759821428571392
1233,1312303,179,282,662,0.07640178571428624
1234,1312901,180,288,658,0.1479017857142857
1235,1313100,239,286,655,0.11959821428571393
1236,1313420,199,284,661,0.1110982142857142
1237,1313639,100,278,652,0.005401785714285623
1238,1314038,259,281,660,0.05740178571428611
1239,1314516,299,284,648,0.025401785714286085
1240,1314935,120,282,648,0.19140178571428557
1241,1315154,259,293,669,0.07409821428571384
1242,1315872,259,282,658,0.0854017857142857
1243,1316310,100,278,648,0.13509821428571422
1244,1316669,219,281,664,0.0439017857142856
1245,1322292,100,1039,601,0.0029017857142856762
1246,1340495,159,755,477,0.18290178571428584
1247,1352876,219,85,206,0.2140982142857144
1248,1353294,219,74,205,
1249,1353793,199,48,253,
1250,1355149,140,89,246,
1251,1355448,179,77,222,
1252,1356345,120,94,277,
1253,1356724,120,74,233,0.13509821428571422
1254,1356863,180,65,201,
1255,1357162,459,66,172,
1256,1358379,160,325,184,0.15359821428571419
1257,1358957,180,42,213,
1258,1359575,179,125,365,
1259,1359914,239,64,214,0.06959821428571367
1260,1360193,259,65,204,0.03259821428571419
1261,1361668,578,66,214,0.10640178571428605
1262,1362286,259,68,214,0.03590178571428648
1263,1362586,698,73,215,0.030098214285714242
1264,1363722,160,255,692,0.04709821428571459
1265,1363961,100,267,684,
1266,1364200,139,285,706,0.014098214285714228
1267,1364519,199,275,681,
1268,1366414,179,282,203,
1269,1366772,180,113,214,
1270,1366972,180,256,213,
1271,1367191,259,262,208,
1272,1367590,219,261,205,0.053098214285714374
1273,1368108,239,904,477,0.18059821428571432
1274,1368367,219,933,457,0.11009821428571431
1275,1368806,379,319,198,0.0324017857142862
1276,1369583,359,353,199,0.16659821428571409
1277,1369962,139,355,207,
1278,1370122,120,347,205,0.06459821428571377
1279,1370381,319,377,217,0.1150982142857142
1280,1370840,199,371,227,0.11959821428571393
1281,1371079,160,385,231,0.09309821428571396
1282,1371358,279,377,214,
1283,1371657,179,378,221,
1284,1371976,359,381,216,
1285,1372375,160,73,224,
1286,1372674,279,216,222,
1287,1372973,259,213,228,0.19759821428571422
1288,1373252,518,214,236,
1289,1386949,379,83,249,
1290,1387348,4785,87,260,0.09459821428571402
1291,1392173,299,276,208,0.008401785714285737
1292,1392711,100,289,191,0.2060982142857144
1293,1392830,100,301,206,0.08309821428571418
1294,1393170,159,301,215,
1295,1448157,120,126,237,
1296,1448875,140,93,231,0.012598214285714171
1297,1449034,498,84,272,
1298,1449553,997,99,292,
1299,1450590,459,267,225,0.1575982142857142
1300,1451248,1316,293,183,0.2550982142857139
1301,1452583,1854,330,199,0.19409821428571394
1302,1454716,578,376,237,
1303,1474954,140,526,495,0.06440178571428579
1304,1475332,120,145,246,
1305,1476947,160,36,268,
1306,1477784,199,80,269,0.18159821428571377
1307,1478223,259,517,504,0.38259821428571383
1308,1478642,140,548,495,0.08209821428571429
1309,1479160,120,125,266,0.037098214285713915
1310,1479519,159,97,251,0.013901785714286241
1311,1479698,199,124,272,
1312,1479918,159,111,271,0.0835982142857139
1313,1480256,120,111,252,0.04959821428571409
1314,1480715,259,153,268,0.11559821428571393
1315,1481094,179,109,271,
1316,1481413,259,112,269,0.05390178571428583
1317,1481792,180,123,263,
1318,1482091,179,125,266,0.03759821428571408
1319,1482290,419,120,275,
1320,1482729,140,261,263,0.010598214285713947
1321,1482908,160,265,259,
1322,1483287,179,262,245,0.1934017857142858
1323,1483686,120,791,675,0.18909821428571405
1324,1483905,180,829,677,0.028598214285714185
1325,1484304,120,296,287,0.15790178571428548
1326,1484443,120,273,246,0.20190178571428596
1327,1484782,379,289,247,0.05390178571428583
1328,1485281,140,317,261,
1329,1486158,120,776,663,
1330,1486577,100,784,687,0.05340178571428611
1331,1486716,140,771,701,0.05190178571428561
1332,1486956,100,765,664,
1333,1487474,179,434,483,0.0340982142857138
1334,1487673,100,443,481,0.04340178571428588
1335,1487793,478,440,485,0.02790178571428603
1336,1489169,199,327,699,0.041598214285714086
1337,1490086,140,246,726,0.13559821428571395
1338,1490385,139,248,714,0.038098214285713805
1339,1491242,100,315,708,
1340,1491441,100,318,685,0.09059821428571446
1341,1491960,100,212,723,0.09859821428571403
1342,1492279,100,218,720,0.030401785714285978
1343,1492757,160,319,670,0.09109821428571419
1344,1493016,239,918,598,0.04640178571428599
1345,1493356,140,333,679,0.01240178571428574
1346,1493654,140,895,520,0.04990178571428583
1347,1494253,120,925,481,0.01909821428571412
1348,1497981,199,1134,742,0.07659821428571423
1349,1498679,100,939,737,0.20009821428571417
1350,1498998,100,1145,772,0.08009821428571406
1351,1499277,120,1127,749,0.09109821428571419
1352,1499955,140,941,723,0.14709821428571423
1353,1500952,180,1030,789,0.010598214285714391
1354,1501450,100,780,660,0.009901785714285793
1355,1502188,140,797,498,0.046098214285714256
1356,1502367,140,799,532,0.09609821428571408
1357,1502965,199,879,511,0.13840178571428563
1358,1503703,199,819,441,0.07009821428571428
1359,1504042,219,824,467,0.008901785714285904
1360,1504301,100,824,454,0.09340178571428615
1361,1504461,100,858,517,0.0015982142857140502
1362,1505178,140,1035,632,0.12459821428571427
1363,1505776,199,1086,633,0.08009821428571406
1364,1506754,120,1094,706,0.11359821428571415
1365,1507052,100,1105,741,0.09709821428571441
1366,1507172,140,1120,708,0.125098214285714
1367,1508448,100,1103,667,0.13090178571428623
1368,1508727,120,1110,638,0.05390178571428628
1369,1508867,100,1104,625,0.08140178571428613
1370,1509046,140,1096,646,0.04959821428571409
1371,1509465,100,1081,663,0.003401785714285843
1372,1509584,239,1077,652,0.0010982142857143273
1373,1510043,140,1127,754,0.05709821428571438
1374,1510721,100,331,698,0.12390178571428567
1375,1511439,120,210,677,0.02690178571428614
1376,1512017,160,291,685,0.058598214285714434
1377,1512396,199,297,695,0.1380982142857139
1378,1513991,259,320,672,0.04559821428571453
1379,1514708,120,253,717,0.024098214285714015
1380,1515008,179,309,676,0.13509821428571378
1381,1515486,140,420,545,0.1670982142857138
1382,1515686,100,433,553,0.12409821428571366
1383,1516204,100,1045,697,0.0859017857142863
1384,1516423,100,990,612,0.1419017857142859
1385,1516782,159,1056,681,0.00690178571428568
1386,1517400,120,442,513,0.037098214285713915
1387,1517779,100,345,578,0.044401785714285325
1388,1517978,100,446,507,0.14240178571428563
1389,1518098,120,441,500,0.06540178571428612
1390,1518238,140,447,479,
1391,1518457,279,498,463,0.12359821428571394
1392,1518995,100,395,522,0.014098214285713784
1393,1520032,100,1077,641,0.10959821428571415
1394,1520331,179,1078,647,0.028401785714285754
1395,1520790,140,1053,529,
1396,1521328,359,422,537,0.08509821428571396
1397,1521786,120,1104,705,0.03809821428571425
1398,1524099,160,1016,581,0.10059821428571425
1399,1524797,100,480,549,0.09359821428571413
1400,1525176,100,529,459,0.05609821428571404
1401,1526153,100,88,204,0.06390178571428606
1402,1526531,160,82,271,0.12159821428571416
1403,1526731,359,297,211,0.1615982142857142
1404,1527130,698,84,243,0.17159821428571398
1405,1527847,100,83,246,0.009598214285714057
1406,1527967,459,87,236,0.0844017857142858
1407,1528446,259,135,223,0.049098214285713926
1408,1528725,179,306,223,0.037098214285713915
1409,1528944,359,307,219,0.049098214285713926
1410,1529323,100,304,252,0.011098214285714114
1411,1529442,159,311,270,0.06909821428571394
1412,1529622,379,316,278,0.04109821428571436
1413,1530100,299,78,276,0.145098214285714
1414,1530419,319,99,233,0.06359821428571433
1415,1530758,279,97,236,0.017401785714286078
1416,1531057,299,84,256,0.0009017857142854524
1417,1531416,478,295,212,
1418,1531914,518,116,257,0.02709821428571413
1419,1532453,140,107,247,0.08159821428571412
1420,1532612,159,67,283,0.10759821428571392
1421,1532812,159,77,309,0.08709821428571374
1422,1533988,160,41,286,0.08059821428571379
1423,1534188,159,43,288,
1424,1534486,160,40,279,
1425,1534825,319,47,290,0.22159821428571425
1426,1535264,199,78,291,
1427,1535623,120,113,298,
1428,1535782,160,113,302,0.2735982142857143
1429,1535962,379,281,273,0.32909821428571373
1430,1536420,419,270,280,
1431,1536879,259,270,285,0.18059821428571432
1432,1537577,359,293,273,
1433,1539092,299,108,243,0.06709821428571416
1434,1539471,259,97,272,0.06959821428571455
1435,1540069,259,266,220,
1436,1540567,159,97,247,0.005098214285713887
1437,1541006,239,392,555,0.04309821428571414
1438,1541285,160,491,486,0.25840178571428574
1439,1541644,120,403,538,0.20140178571428624
1440,1542302,180,385,530,
1441,1542581,140,380,537,0.03790178571428582
1442,1542741,180,377,539,0.00840178571428618
1443,1543000,120,369,542,0.1549017857142858
1444,1543239,100,249,460,0.043598214285713865
1445,1543458,159,251,463,0.06440178571428579
1446,1543638,279,156,465,0.06809821428571405
1447,1544037,179,144,460,
1448,1544256,199,148,463,
1449,1544734,100,188,532,0.024098214285714015
1450,1544874,140,180,542,0.048901785714285495
1451,1546210,140,1122,761,0.048098214285714036
1452,1546688,159,1141,756,0.19409821428571394
1453,1546987,120,1125,749,0.10059821428571425
1454,1547286,180,1130,752,0.2085982142857139
1455,1547645,120,1121,767,0.191598214285714
1456,1547785,140,1139,741,0.1855982142857142
1457,1547984,120,1134,763,0.1460982142857139
1458,1548941,180,1100,708,0.20259821428571412
1459,1549898,100,1093,776,0.01459821428571395
1460,1550237,140,1152,813,0.028598214285714185
1461,1550576,100,1015,799,0.06359821428571433
1462,1551134,160,996,825,0.08609821428571429
1463,1551473,100,1055,800,0.01240178571428574
1464,1552570,140,1078,670,
1465,1557195,100,1029,681,0.13459821428571406
1466,1558232,160,1041,682,0.018901785714286135
1467,1558730,100,1076,728,0.036401785714286206
1468,1558890,120,1006,798,0.05859821428571399
1469,1560126,160,101,552,0.03790178571428626
1470,1561542,139,1177,787,0.2975982142857143
1471,1561881,100,118,477,0.07559821428571434
1472,1562100,140,114,526,0.03490178571428615
1473,1562778,159,116,453,0.1694017857142862
1474,1563874,100,140,563,0.09390178571428587
1475,1564453,100,1114,717,0.14559821428571418
1476,1566865,100,1012,661,0.0185982142857144
1477,1567064,179,1000,678,0.08509821428571396
1478,1567284,120,1059,664,0.04009821428571403
1479,1567483,140,1058,668,0.0575982142857141
1480,1567642,140,1062,678,0.014598214285714395
1481,1567822,159,1053,684,0.0810982142857144
1482,1569158,100,1062,699,0.0070982142857136665
1483,1569317,100,1094,689,0.0014017857142860635
1484,1569596,140,1137,817,0.015098214285714118
1485,1571291,120,1144,647,0.06240178571428601
1486,1571510,100,1137,653,0.047098214285714146
1487,1571650,159,1120,726,0.12959821428571416
1488,1571989,100,1070,719,0.036098214285714025
1489,1572547,100,1180,553,0.04709821428571459
1490,1572786,159,1192,562,0.05709821428571438
1491,1573125,120,1119,832,0.011598214285713837
1492,1574082,120,1136,641,0.10359821428571392
1493,1574362,100,1169,590,0.13159821428571394
1494,1574501,100,1211,597,0.09959821428571392
1495,1575099,219,132,530,0.004098214285713553
1496,1575418,120,119,547,0.026098214285713794
1497,1575797,179,1239,631,
1498,1576076,120,1195,719,0.013098214285713894
1499,1577093,100,1079,776,0.015598214285714285
1500,1577731,140,161,531,0.1485982142857143
1501,1578289,199,118,440,0.035901785714285595
1502,1578967,100,1118,825,0.29559821428571365
1503,1579844,717,103,289,0.27809821428571446
1504,1580582,558,85,285,0.041598214285714086
1505,1581340,199,58,253,
1506,1581639,199,88,275,0.30009821428571426
1507,1581858,100,77,257,
1508,1582157,1017,278,219,0.320598214285714
1509,1583194,1396,335,204,0.2865982142857142
1510,1584609,718,383,208,0.26409821428571423
1511,1585347,200,296,238,0.16359821428571397
1512,1585566,120,101,266,0.13909821428571423
1513,1585706,100,103,285,
1514,1585826,140,86,306,
1515,1586005,100,89,303,
1516,1587341,100,106,445,0.0755982142857139
1517,1588019,279,487,441,0.16659821428571409
1518,1590192,140,1097,758,0.012598214285714171
1519,1590990,279,1118,741,0.06290178571428573
1520,1591966,259,93,428,0.10840178571428627
1521,1592804,160,63,511,0.014098214285714228
1522,1592983,239,87,538,0.0680982142857145
1523,1593242,199,96,549,
1524,1593482,140,117,560,0.01459821428571395
1525,1593641,179,114,534,0.12059821428571427
1526,1594299,100,1075,726,0.09059821428571402
1527,1594817,179,1083,731,0.029401785714285644
1528,1595136,359,114,250,0.24540178571428584
1529,1595535,159,62,255,0.14640178571428564
1530,1595734,259,57,263,0.040598214285714196
1531,1596133,160,52,265,0.14209821428571434
1532,1596532,100,115,457,0.3565982142857145
1533,1596711,219,56,244,
1534,1597130,259,237,245,0.12159821428571416
1535,1597429,160,233,241,0.09659821428571425
1536,1598167,120,58,259,0.1200982142857141
1537,1598466,219,52,258,
1538,1598905,179,67,261,0.2370982142857141
1539,1599403,279,79,198,
1540,1600719,159,273,250,
1541,1601496,179,283,253,0.10109821428571397
1542,1602114,160,303,251,
1543,1602294,100,306,253,
1544,1602613,160,319,250,
1545,1603052,120,325,255,
1546,1603251,120,321,256,
1547,1603550,120,325,260,0.06459821428571422
1548,1603929,160,337,242,0.06759821428571389
1549,1604128,259,350,239,
1550,1604627,239,51,257,0.05909821428571416
1551,1604886,100,65,268,0.1435982142857144
1552,1605006,279,74,243,0.14809821428571368
1553,1605324,259,81,245,
1554,1605623,259,66,307,
1555,1605922,359,70,280,0.09659821428571425
1556,1606321,120,71,282,0.014598214285714395
1557,1606501,179,78,275,
1558,1606919,160,88,249,0.07040178571428601
1559,1607119,159,298,245,0.00590178571428579
1560,1607418,658,320,257,0.05090178571428572
1561,1608136,160,320,278,
1562,1608335,638,314,250,0.022098214285714235
1563,1609112,259,253,248,
1564,1609511,159,55,260,
1565,1609910,120,84,276,0.07409821428571384
1566,1610409,100,1017,662,0.2840982142857138
1567,1610628,100,1020,671,0.06809821428571405
1568,1611704,100,999,661,0.05059821428571443
1569,1611844,179,993,683,0.0185982142857144
1570,1612203,120,1011,659,0.19590178571428574
1571,1613738,120,1022,783,0.04440178571428621
1572,1613937,120,1029,763,0.039598214285714306
1573,1615233,160,130,523,0.021598214285714068
1574,1615812,140,114,442,0.19490178571428585
1575,1615991,259,463,465,0.017401785714286078
1576,1616410,100,496,465,0.020401785714285747
1577,1616529,120,484,471,0.13340178571428574
1578,1616988,120,215,626,0.004098214285713997
1579,1617127,139,209,641,0.06440178571428579
1580,1618084,120,334,710,0.04659821428571398
1581,1618304,100,191,793,0.004598214285714164
1582,1618702,239,229,607,0.0029017857142856762
1583,1619141,160,518,474,0.031901785714286035
1584,1619919,120,873,672,0.28109821428571413
1585,1620078,120,945,425,0.08009821428571406
1586,1620218,120,946,412,0.10859821428571426
1587,1620377,120,1009,488,0.019401785714285857
1588,1620776,100,979,567,0.02459821428571418
1589,1620955,100,883,529,0.133098214285714
1590,1621215,160,914,513,0.047401785714286326
1591,1622132,120,240,303,0.1745982142857141
1592,1622271,199,339,256,0.3020982142857145
1593,1622530,100,36,273,0.08209821428571384
1594,1622670,160,35,260,
1595,1622850,179,356,230,
1596,1623069,160,352,225,0.11159821428571437
1597,1623388,140,289,234,0.13509821428571422
1598,1623567,159,295,242,
1599,1623767,159,296,265,
1600,1624046,279,299,259,
1601,1624404,239,513,243,0.2410982142857141
1602,1624664,120,511,241,0.15859821428571408
1603,1624823,140,654,391,0.25359821428571383
1604,1625003,159,654,392,0.28059821428571396
